model,images,gt_boxes,pred_boxes,tp,fp,fn,precision,recall,f1,mean_iou_tp,map50
groundedsam,1083,4891,17839,3877,13962,1014,0.217333,0.79268,0.341135,0.884276,0.551446
groundingdino,1083,4891,17418,3737,13681,1154,0.214548,0.764056,0.335022,0.885143,0.539553
