model,images,gt_boxes,pred_boxes,tp,fp,fn,precision,recall,f1,mean_iou_tp,map50,accuracy
groundedsam,1083,4891,17839,3877,13962,1014,0.217333,0.79268,0.341135,0.884276,0.551446,0.205644
groundingdino,1083,4891,17418,3737,13681,1154,0.214548,0.764056,0.335022,0.885143,0.539553,0.201217
owlvit,1083,4891,10396,3316,7080,1575,0.318969,0.67798,0.433833,0.817969,0.50424,0.277003
yoloworld,1083,4891,9643,3138,6505,1753,0.325417,0.641587,0.431815,0.881274,0.501374,0.275360
